,XGBoost,Random_Forest,SVR,Stacking_Ensemble
XGBoost,1.0,0.7246612277545914,0.00021910847383055376,0.3817460534706447
Random_Forest,0.7246612277545914,1.0,2.969230201665951e-05,0.5929559303158463
SVR,0.00021910847383055376,2.969230201665951e-05,1.0,2.1662471816341622e-10
Stacking_Ensemble,0.3817460534706447,0.5929559303158463,2.1662471816341622e-10,1.0
