Model,RMSE,MAE,MAPE (%),DA (%)
XGBoost,2.641223594945413,1.8698307396000278,2.1344899536617317,48.28767123287671
Random_Forest,2.489617391705368,1.852461615102859,2.132896246599447,46.23287671232877
SVR,2.858594001869817,2.1202576111349596,2.427677337583415,47.43150684931507
Stacking_Ensemble,2.4830707910671674,1.8290358210982403,2.123945978805687,49.14383561643836
