Model,RMSE,MAE,MAPE (%),DA (%)
XGBoost,2.087862843893913,1.2933772220546482,1.7461359249386503,51.96581196581197
Random_Forest,2.127964095289014,1.385498239714152,1.8954831854933498,52.649572649572654
SVR,2.9321678285767567,2.433756921368653,3.4950501182023577,50.94017094017094
Stacking_Ensemble,2.333638505566719,1.6637700472600256,2.315307732172379,51.28205128205128
